{"ClTyEUpGw+jK5M+uXhAt0Q==":"smartlogo-122x78.jpg","ZaLc4zcV/GUWjdCqs+M8LQ==":"smartlogo-122x78.jpeg","o3yj1M8rUpwnYcGPi50Qtg==":"fondoheader1-750x750.jpeg","+uA3dDNYMBvnapDcxMWnCw==":"mbr-1920x1280.jpg","x8pywdwpOE2JgjAyesaoqg==":"applelogo-512x512.png","zPrUDcGZUq6NfYuQGg/Y/A==":"samsunglogo1-676x507.png","JrJMFKDrhCw0k3o8AZr9HA==":"applelogo-1-512x512.png","BJPfTURv3sBnqiwdQIdhcQ==":"applelogocard-338x225.png","4hokevIQV+RpCCnHnSRWsg==":"samsunglogocard-338x225.png","pCjgv2OB4s9BobAEBSkpIQ==":"applelogocard-1-338x225.png","oc6FdbyPM6XuvBxgXAexWA==":"huaweilogocard-338x225.png","pa5Dkwo/T1qgW/t0h+fQvA==":"background5.jpg","UAc7kepzJPkrSn4uqTRvmw==":"background4.jpg","wWoSVG5eH6CFa+e/uOoFxg==":"lglogocard-338x225.png","/Eb2FkfYlXnOtF2Y81U3NA==":"motorolalogocard-338x225.png","DrvjoBYxFpzcJ/6+Gdd1Ug==":"otroslogocard-338x225.png"}